{
	"shell_version": 20,
	"shell_url": "https://github.com/kuoruan/shell-scripts/raw/master/kcptun/kcptun.sh",
	"change_log": "1.将常规信息输出到 stdout，将错误信息输出到 stderr;\n2.修复某些情况下无法获取到正确实例 ID 的问题;\n3.由于 Kcptun 支持多客户端同时连接一个服务端端口，故修改提示信息 “多用户” => “多端口”",
	"config_version": 6,
	"config_change_log": "1.支持 snmp 和 pprof 参数;\n2.输出新版手机端参数",
	"init_version": 3,
	"init_change_log": "1.修复 CentOS 上找不到 Supervisor 执行文件的问题;\n2.由于 Supervisor 的版本不同, 执行文件的目录可能不一样, 如果你出现无法安装或启动失败的问题, 请及时联系我"
}
